name,age,city
Sheree Whopples,31,Desa Werasari
Efren Randales,11,Guadalupe
Eduard Klimpke,75,Asino
Jerry Norheny,31,Xiying
Marv Erie,64,Sofrino
Valaree Meehan,64,Tongyu
Sheffield Errington,83,Fenlu
Sherry Marquis,24,Jimaguayú
Land Trundle,76,Berëzovyy
Hugh Dougal,71,Kurbnesh
Jessie Zamorrano,86,Pingsha
Elwira Hotson,54,Kribi
Clio Dumbrill,96,Henglan
Slade Scardefield,94,Bukavu
Osbourn Lennie,59,Kidodi
Winifred Skace,22,Abua
Conan Haldane,21,La Paz
Allie Buckthorp,13,Stockholm
Shaine Arminger,39,Dayanggezhuang
Otha MacLachlan,38,Betim
Cammy Grugerr,99,Babat
Leontyne Skase,80,Lulindi
Erda Houndson,24,Paranaguá
Clea Willowby,73,Séléa
Hedi Haslin,64,Chenfang
Justine Braham,87,San Francisco
Staffard Lurcock,5,Fengyang Fuchengzhen
Ferdy Swaton,99,La Rochelle
Galvan Forestall,73,Jitian
Veronike Calley,30,Blessington
Margo Keneford,43,Lanchkhuti
Christiana Kenner,42,Chyšky
Whitby Tettley,25,Riit
Lianne Coltart,69,Kálymnos
Bernice Beasant,92,Caijiapu
Gaven Aguirre,7,Nogueira do Cravo
Griselda Schultheiss,32,Pasongsongan
Dermot Beckford,70,Krikil
Karyn Helling,19,Gargaliánoi
Silvia Stollen,69,Tanguiéta
Rycca Yesinov,49,Cihideung Satu
Alphonso Whitticks,34,Fontainebleau
Christi Blouet,36,Mingyue
Shoshanna Lowis,1,Oster
Neils Meadway,5,Łobez
Elie Pollitt,79,Stanovoye
Orran Lown,16,Kotikawatta
Leoline Semble,20,Topol’noye
Analiese Kettell,34,Ambarita
Richie Soigoux,82,Horodnytsya
Terencio McIlwain,74,Danidehe
Tonye Boik,50,Varniai
Emogene Hovert,98,Fengmu
Paola Scrimgeour,59,Obihiro
Nedda Baldini,37,Panguna
Rafael Monsey,64,Lianpeng
Gretchen Clopton,56,Huallanca
Anne Russel,92,Rognedino
Hillyer Forten,26,Hostěradice
Blakeley Trevon,7,Santa Cruz
Shaun Please,51,Purwodadi
Olivette Charteris,19,Pokrovskoye-Streshnëvo
Freddy Caress,12,Los Angeles
Eziechiele Reppaport,63,Wingham
Normie Janko,47,Huaquirca
Bessie Tydeman,68,Dafengdui
Loydie Ginnety,85,Kyprínos
Robbin De Cristoforo,45,Citambal
Nelle Blaisdale,74,Wonorejo Dua
Titos Ditt,15,Kortowo
Felicdad Lincey,8,Ryazanskiy
Patrick Phipson,26,Xixi
Antonie McIlwrick,24,Serere
Tyrone Reiling,45,Liucheng
Hugues Over,31,Kedungreja
Carola Fausch,24,Sacramento
Kermit Heninghem,66,Raojān
Rabi Moger,74,Zhapu
Selestina Schrir,74,Armopa
Waverley Sherwen,36,Guatire
Saudra Feldhuhn,42,Dasanlian Lauk
Adolphus Klemt,48,Łęki Szlacheckie
Gerhard Snape,84,Zarichne
Normy Duthy,60,Šibenik
Sherman Edscer,81,Birmingham
Berkie Ianne,63,Minneapolis
Melita Gercken,72,Tonglin
Carlina Peasegod,19,Ningchegu
Christophorus Rapaport,50,Złoty Stok
Martha Karus,8,Diapaga
Charlotta Strase,16,Conceição do Araguaia
Marietta Syvret,82,Sarzedo
Celine Bitterton,70,San Lucas Sacatepéquez
Christoffer Cremin,23,Baziqiao
Seth Chifney,33,Odoyev
Josi Cowle,13,Ogden
Mitchael Masdon,83,Huangtan
Alaric Lannen,4,Tampa
Hattie Gobell,69,Besançon
Ingelbert Chavez,92,Zaqatala
Hetti Kernes,70,Ricardo Palma
Rodina Fennessy,8,Tralee
Morgan Rowan,17,Campo Viera
Matty Titlow,84,General Conesa
Daron Petrello,75,Magdalena
Leif Skully,52,Kupusina
Royal Jaegar,2,Kasiyan
Maryanna Desesquelle,57,Kangar
Emile Shottin,2,Bardaï
Nealon Miebes,76,Bayt Wazan
Rozele Fairley,12,Luhans’ke
Harmonia Greschke,92,Jingtou
Lorette Gorman,11,Dogondoutchi
Kristian Crohan,88,Zabrušany
Shanta Winks,40,Tiwi
Frannie McAlpin,45,Saboyá
Johna Tumber,72,Gustavsberg
Winifield Woodroofe,60,Nglorogan
Wildon Finnie,77,Agía Foteiní
Jenn Benson,61,Litian
Tiffany Premble,11,Shchastya
Lowe Pullman,99,Wengyang
Gwenneth Hennemann,51,Las Parejas
Berry Rothschild,35,Wiset Chaichan
Amabelle Gietz,54,Ipubi
Alie Austick,24,Koreiz
Nomi Candy,2,Izumo
Huntley Rockey,9,Bichura
Maressa Dunkerly,91,Funga
Alvinia Wayon,95,Solnice
Corny Wernham,60,Allen
Deck Fibbitts,88,Houzhen
Orren Ambrosio,1,Longwan
Thor Teideman,64,Sevaster
Julienne Radolf,95,Kihurio
Kaspar Merrigans,16,Tilcara
Helen-elizabeth O'Hartnedy,7,Tangjin
Hadrian Freke,8,Tutayev
Kailey Grice,72,Stepnogorsk
Betti Sloy,26,Pniv
Blakelee Dingsdale,30,Markópoulo
Edd Crace,56,Zhongfeng
Korey Propper,27,Capela
Bendick Lindelof,52,Cartagena del Chairá
Tova Breinlein,20,London
Ludvig Saladine,97,Wenchun
Muire Franssen,30,Ad Dawḩah
Evangelin Merritt,42,Yicheng
Bil Beaver,70,Floreşti
Trixy Duley,78,Manukau City
Sibyl Edgeller,30,Calvão
Thomasa Kalinke,44,Shushi
Kipp Normanton,50,Dalongzhan
Fawnia Luis,81,Duraznopampa
Harland Enric,37,Esperantina
Edie Donwell,74,Grand Junction
Sadye Rolse,51,Kozova
Yoko Wife,83,Orléans
Adelaide Abdy,99,Zvole
Bale Sealove,59,Azul
Warner Ruckman,31,Tumxuk
Asia Smeath,55,Noailles
Reinhold Larmet,5,Khulo
Darrick Rozenzweig,47,Tam Bình
Rowan Struss,50,Osiek
Val Mariot,46,Puchong
Bendicty Northill,37,Tandayag
Noellyn Brandreth,19,Assis
Phyllys Ernshaw,72,Dubki
Kearney Kindleysides,83,Kampungladang
Nowell Craigmile,60,Castanheira
Kent Pagelsen,88,Xuetian
Rozanne Yurmanovev,45,Nagrak
Ryley Grimestone,85,Gongchang
Hedi Klossmann,73,Skene
Wernher Drees,10,Talata Mafara
Cristina Jupe,38,Chalamarca
Toby Churchley,30,Miaoya
Donal London,78,Kalianyar Selatan
Rhetta O'Hengerty,97,Tohong
Kalil Fiorentino,30,Linköping
Meier Blease,4,Gazanjyk
Alford Ligoe,36,Courbevoie
Elka Dawtre,87,Cocorná
Ingrim Habbeshaw,62,Fairview
Edik Meeson,81,Sindanghayu
Nappie Elgee,31,Yizhivtsi
Verena Willarton,43,Shiozawa
Clemente Eberz,82,Neochóri
Jesselyn Petrillo,68,Sedlice
Elmer Leys,60,Molochnoye
Erinn Plowes,5,Ni’ao
Monroe Simoneau,59,Sanli
Camila Grissett,55,Babahoyo
Lilah Targe,84,San Antonio
Helenka Noddles,82,São Tomé
Simeon Durbyn,50,Lugu
Leonid Swann,75,Bao’an
Annabell Hadleigh,7,Vamvakoú
Kimmy Livingstone,66,Mawlamyinegyunn
Shelly Rivett,81,Korydallós
Monah Sparling,6,Huibu
Mariette Nelthorpe,2,Estelí
Nancie Chard,24,Kute
Guthry Amorine,23,Pingba
Cull Wroughton,84,Stari Bohorodchany
Allison Goodding,34,Jawor
Faith McCumskay,46,Kilkenny
Murray Khotler,15,Otaslavice
Mikkel Greene,1,Monte Branco
Darya Blackmoor,11,Inanwatan
Archibald Dober,7,Opaka
Dulcinea Martensen,19,Kumai
Lianna Jiras,75,Āstārā
Nonnah Emmitt,87,Belozërsk
Noel Tidball,3,Greensboro
Nathalie Curman,56,Gus’-Khrustal’nyy
Frankie Ivanishin,21,Narukan
Konstantine Snipe,62,Candelaria
Briant Kohlert,59,Seoul
Lotti Dibdin,1,Taiyuan
Gualterio d'Escoffier,88,Pasirmanggu
Ebony Lockitt,97,Kolmården
Paulo Duffie,50,Zangbi
Henri Jorcke,44,Las Toscas
Amos Scurman,94,Dibulla
Corney Crookshanks,30,Hushan
Devonne Killelea,30,Lérida
Jessi Seldner,88,Hengqu
Virgilio Beacon,21,Haparanda
Alyse Blunsen,36,Mokotów
Sayers Boyack,85,Melaka
Ambros Warsop,98,Temirtau
Marybeth Warrack,75,Chengjiao
Bran Michelin,35,El Peñón
Eveline Bellham,76,Xiaogang
Samuel Dyhouse,58,Zengjia
Lily Mitchall,75,Nybro
Avivah Murtimer,30,Phra Phutthabat
Filippo Dadge,27,Mae Chan
Mitzi Halahan,63,Citeureup
Julie Ohrtmann,17,Tunis
Bryana Rosenwald,15,Xinglong
El Skeeles,34,Camachile
Guinevere Monckton,21,Gyeongsan-si
Dimitry Beetham,12,Calsib
Roderick Culy,37,Haramgai
Callean Augar,7,Pagsabangan
Moyna Conkay,17,Immātīn
Aurilia Rodgman,97,Calomboyan
Petra Cracie,70,Phutthaisong
Carlynn Tiner,89,San Antonio Aguas Calientes
Ora Sayes,84,Dongsheng
Cornie Bingham,60,Ereira
Arvy McBryde,13,Behbahān
Jesse Bemrose,68,Laborie
Gunter Mathan,86,Al Jumūm
Drusie Job,9,Budapest
Britteny Woltering,46,Veliko Tŭrnovo
Edan Ector,4,Georgīevka
Bealle Orta,57,Klapagading
Parrnell Tosdevin,24,Kekeri
Almeda Ewence,88,Zhangjiafan
Elladine Miquelet,22,Ōmiya
Gleda Bury,35,Bagjasari
Emyle Jennick,60,La Laja
Jillene Sumnall,2,Cimaung Kidul
Chev Mill,94,Intendente Alvear
Clayborne Ludye,20,Stalbe
Anni Tant,75,Oitui
Sigvard Pulham,79,Trajouce
Valene Maria,60,Dungon
Ericka Penswick,13,Ruihong
Audrie Lawranson,72,Ramalhal
Magdalene Gosker,81,Jiujie
Phillipp Shinfield,1,Santol
Johanna Reye,78,Patos Fshat
Ofilia Scutt,68,Xinglongchang
Eolande Matchett,20,Big Bend
Justen Halwood,86,Huarong
Flory Bownd,64,Victoria West
Niccolo Vasyukhnov,69,Linmansangan
Shepperd Lauritsen,97,Tongzha
Em Barens,11,Moyale
Anton Parnell,35,Myanaung
Reagan Skelhorn,75,Mszana Dolna
June Forestel,80,Rangah
Mariel Andreini,57,Baiyun
Ade Enevold,72,Tlogocilik
Bren Gourdon,76,Wao
Madalyn Mingus,19,Rafaḩ
Aloisia Lowdyane,86,San Benito
Hana Chevers,65,Maymana
Enrique Longley,48,Bolorejo
Emmeline Folshom,54,Skrzydlna
Tracy McIlmurray,85,El Cantón de San Pablo
Emerson Ruberry,14,Zhendong
Johna Dafydd,38,Hedong
Kenneth Dentith,81,Hongjiang
Winston O'Glassane,97,Ligang
Nancie Gruby,38,Guebwiller
Loralyn Le Strange,97,Genzi
Jenica Longthorn,52,Pedregal
Bobbette Brewis,71,Balekersukamaju
Merrie Abramov,74,Verkhnyachka
Marilee Dimelow,57,Dongkan
Gardy de Cullip,87,Sochaux
Brear Libbe,62,Raksajaya
Oralla Clues,42,Wilanagara
Lil Sedgemond,42,Formosa
Felike Longshaw,81,Himeji
Carver Giberd,4,Banjaranyar
Ewen Cockayme,90,Santo Domingo
Daffie Vigietti,97,Nanshe
Josias Bracco,81,Wako
Jemmy Quadri,34,Pescadería
Kyrstin Siddeley,82,Byera Village
Heindrick Laurenz,47,Porto Feliz
Dermot Ellyatt,80,Ban Na
Honor Hollyland,4,Matsubase
Jonathan MacAnespie,34,Torre
Velvet Karpman,29,Padej
Any Klimes,96,Vyborg
Shana Robelet,50,Florida
Lynnelle Bertouloume,70,Nový Hrozenkov
Marve Kaasmann,25,Picton
Sandro Awty,88,Nanganumba
Izzy Casina,6,Kurjan
Dede Fortye,13,Almeria
Bess Parsonage,42,Obrera
Ulrikaumeko Rosbrough,67,Otse
Winnah Veart,46,Valky
Des Pattillo,74,Pancol
Alon Fuster,38,Parachinar
Bria Quadling,98,Mandeman Daya
Corabella Walkington,81,Wenfang
Griff Bound,64,Gunungkendeng
Tab Giorgini,93,Néma
Genna Dulson,63,Perm
Margy Shimman,55,Bobigny
Benoit Poltone,50,Gulod
Travers Vosse,95,Moñitos
Vikky Danilchenko,23,Kantharalak
Rickert Boughtflower,41,South Bend
Casie Gillanders,29,Pining
Philippa McKeaveney,79,Nova Iguaçu
Adelbert Abden,71,Towa
Ashlee Andreoletti,65,Luz de Tavira
Nerty Kief,64,Qagan Obo
Tome Drummond,47,Kefar Yona
Tull Aulsford,41,Safi
Arlinda Tabbernor,33,Taiping
Korey Couling,90,Tayuan
Sollie Huffer,27,Taquara
Michelle Feldmark,78,Arjasari
Reid Benwell,75,Choma
Kelley Van Zon,9,Compostela
Agneta Bowman,17,San Isidro
Cassie Branche,14,Staraya Derevnya
Rabi Jandl,57,Verkhnya Rozhanka
Jordan Mattheus,84,Mahong
Lauretta Warton,66,Tanda
Dela Klulicek,6,Nyrob
Thaddeus Vaughten,26,Talaibon
Gwenora Farris,89,Krzeczów
Cristen Ilyushkin,83,Yabēlo
Beverlee Darke,74,Fakel
Deonne Waith,98,Bani
Ronni Voden,76,Zhanbei
Morganne Chelley,46,Nykarleby
Dallas Stracey,78,Paris 05
Denney Bend,22,Lezhu
Jane Durtnell,67,Coulommiers
Caterina Garton,43,Xigaoshan
Dorey Brennon,23,Tengrela
Simmonds Gabites,56,Sokol
Juditha Sywell,2,Perelhal
Gav Menlove,18,Uppsala
Teresita Rottery,21,Chakou
Marsha Mattessen,57,Amieiro
Minnaminnie Codrington,43,Pulau Pinang
Benita Orritt,49,Novaya Chigla
Mariana Osbiston,20,Malhou
Xavier Edler,83,Aliwal North
Myranda Angelo,16,Kalodu
Kassey Lenton,19,Fengzhou
Hunfredo Fakeley,65,Camingawan
Willis Branche,11,Nago
Vaughn Yousef,45,Ketanggi
Alyson Caulcutt,90,Wang Nam Yen
Maxi Silverton,87,Zásmuky
Nicole Stot,3,Bodø
Gaelan Tripney,78,Kalisangkrah Lor
Dur Magovern,49,Nacka
Darcy Whebell,69,Bardo
Chaddy McLukie,66,Capalonga
Renelle Elderkin,71,Manzurka
Shurwood Toone,88,Listowel
Kellia Smieton,47,Waiholo
Helene Ceschi,65,Chābahār
Arlen Meininking,29,Shishang
Aaron Fakeley,10,Xiaoshiqiao
Charmane Toothill,11,Lam Plai Mat
Putnam Lyste,97,Piduhe
Caren Hilbourne,21,Las Flores
Archibaldo Sumption,35,Pliwetan
Odo Elijahu,99,Pak Phayun
Halette Hartwright,89,Novyy Karachay
Deane Ronci,59,Agrela
Shellie Girkin,89,Cam Lâm
Wendall Van der Kruijs,31,Medellin
Ynes Van der Mark,42,São Joaquim
Rosemarie Cooch,60,Nishor
Arlan Boulter,79,Lancheng
Roldan Lavalle,12,Kobayashi
Jobi Yeell,66,Xinle
Margi Packman,29,Wafang
Kristofer Lerer,20,Miętne
Idette Sterman,74,Sala
Nixie Sowter,53,Mnelalete
Hedvige Sussams,33,Mölndal
Fletcher Hickin,9,Sobrosa
Bucky Bennen,41,Lobos
Jerry McGhie,6,Tulsa
Carilyn Behan,29,Jabinyānah
Harp Cosgry,48,Cintawana
Dame Antoniak,46,Nikolina Gora
Dianemarie Coots,28,Bandungsari
Lionel Dimelow,91,Karasuk
Jarred Baptie,15,Krajan Karanganyar
Arley Axford,92,Qümong
Hallsy Sevier,71,Sakākā
Julianna Bedward,16,Mensalong
Sonja Milroy,56,Martensville
Daphene Domini,25,Al Misrākh
Minetta Feldfisher,2,San Jose Village
Zoe Evreux,27,Selydove
Beverie Tellenbroker,13,Nunbaundelha
Read Dimitrescu,1,Nakama
Rodolph Dobie,66,Créteil
Laurie Bewfield,85,Želešice
Perri Malyan,49,Pasadena
Ami Chappell,44,Brak
Melissa Djorvic,91,Sentul
Andie Wainman,77,Salamá
Natale Renard,90,Khōshāmand
Sheff Bevington,54,Sanli
Ansel Paffot,41,Huacaschuque
Brock O'Shiels,86,Ambarakaraka
Rossy Scotchmer,60,Al Maţarīyah
Gwendolyn Riddles,79,Peraía
Suzette Blundon,9,Magdaleno Aguilar
Granger MacKain,29,Bamut
Dianemarie Cayford,66,Longgang
Kayle Brisseau,62,Bratislava
Nevile Hurley,47,Aguada de Pasajeros
Luci Elvins,98,Huotong
Petunia Duffer,94,Norakert
Kalli Hutable,77,Eckerö
Denys Maudlin,2,Mompós
Conant Runacres,74,Zhangpu
Levin Sked,69,Beitan
Rick Jedryka,76,Arthur’s Town
Manuel Le Marchand,50,Balong Wetan
Laney Mingardo,98,Colón
Delly Hartzenberg,19,Florida
Jenica Ambage,92,Yangxi
Rik Bailie,35,Montfort-sur-Meu
Gwennie Lipson,8,Hidalgo
Pail Giacomi,49,Tianxing
Winifred Growden,79,Gansa
Fredia Scantleberry,47,Honolulu
Inessa Filip,37,Melaka
Farra Rospars,28,Shuanggang
Stephana Edds,67,Jiulong
Clarissa Mathivet,75,Oenaik
Rusty Redwall,13,Ketara
Calli Castanaga,70,Veruela
Ariel Aggett,81,Riyom
Bekki Jacke,73,Uspenka
Blair Skews,3,Manique
Katya Langdon,36,Patrang
Jesse Lugsdin,32,Melun
Susana Northleigh,49,Saint-Lambert-de-Lauzon
Lewes Lafferty,89,Jirkov
Ephraim Ughetti,50,Qiankou
Garik Baylis,44,Skhodnitsa
Caprice Latey,52,Pichilemu
Torr Langforth,4,Xiangzhu
Yalonda Burchett,33,Medaya
Sherri Lomb,16,Litibakul
Ruperto Gudahy,41,Los Angeles
Hermione Goudie,44,Cam Ranh
Lissa Cockman,5,Fengmen
Tera Silverthorn,86,San Ramón
Leia Castille,19,Roissy Charles-de-Gaulle
Gabbie Aldhous,60,Sindanghayu
Katusha Badsey,81,Brčko
Gustavo Ingolotti,90,Himeji
Ema Nehlsen,43,Hamburg
Matthieu Cheetham,84,Veiga
Lorine Warren,44,Praingkareha
Mercy Sabater,56,Huitán
Norrie Sherry,95,Buenavista
Wit Trudgian,78,Mariental
Mata Robelow,43,Loudi
Avivah Copcott,63,Astromil
Heinrik Fairbrother,81,Ketawang
Pieter Fleury,62,Razgrad
Corny Symons,36,Diavatá
Isabella Jeacocke,81,Kefang
Emmerich Foulkes,75,Nzeto
Reagen Dearle-Palser,39,Zgurovka
Sheila-kathryn Andrioletti,74,Kyprínos
Joyan Shovelton,12,Zoumachang
Charmion Linton,36,Bauru
Halsey Kenwin,7,Potet
Cointon Sopp,73,Shūkat aş Şūfī
Dniren Totman,54,Ferraria
Gallard Espy,17,Burgos
Lonni Wigzell,57,Massawa
Karine Tritton,84,Rushanzhai
Lilyan Quogan,49,Beranci
Pavel Paliser,41,Rio Negrinho
Barrie Bowhey,87,Babice
Dorelia Dollimore,2,Faqīrwāli
Justino O'Dreain,52,Červenka
Conchita Yeandel,17,Eséka
Paula L'Hommee,96,Richmond
Kristine Olander,20,Tornio
Pacorro Shout,70,Tajerouine
Miriam Jacobsz,36,Heishui
Gris Rowantree,26,Ożarów
Ingunna Davydychev,9,Khōst
Cirilo Utton,16,Voiron
Adrea Parlor,16,Xinkai
Ree Aldis,52,Kolsh
Patin Kirkam,92,Laotai
Rey Sally,98,Monte de Fralães
Clara Charker,16,Dongyang
Benedicta Josselsohn,71,Pereira Barreto
Erastus Scoffins,7,Rizal
Oswell Bignold,73,Aguas Corrientes
Jaine Hawkyens,2,San Felipe
Rodger O' Concannon,62,Los Angeles
Roderigo Cavalier,28,Peskovka
Zorine Gorelli,79,Cergy-Pontoise
Karena Drohane,47,Mae Fa Luang
Martyn Drache,71,Baryshivka
Saunderson Hayne,58,Obninsk
Sonni Stott,60,Пласница
Drugi LeEstut,72,Mairana
Patricia Whiteford,76,Tumaco
Tressa Guy,12,Moryń
Jaclyn Skeats,58,Gondang
Betta Jenman,15,Newport
Cherry Twinterman,80,Masis
Marita Alders,54,Järfälla
Eleanore Huitson,54,Chiguayante
Terza Lunnon,37,Tournan-en-Brie
Kippie Herrema,13,Panite
Nara Northley,89,Österbybruk
Patric Kier,40,Itapicuru
Everett Deporte,46,Baixiang
Karly Bittlestone,43,Xihe
Merrill Crighten,32,Pa Tio
Gabi Giraldez,81,Quanyang
Caprice Inseal,92,København
Hube Bithell,13,Rawson
Tessie Spurryer,52,Henglu
Teodoor McKirton,96,Karlovo
Gerald Elsmore,64,Kināna
Chanda Drabble,47,Ludvika
Dru Boakes,78,Zel’va
Sonny Boggis,31,Hangchuan
Kinnie Watt,92,Maisí
Dee Cauderlie,10,Roboré
Rickie Blenkinsop,87,Tanjungbatu
Corney Dayce,71,Dushanbe
Fin Gourdon,85,Cirangkong
Ailsun Sandham,4,Kudanding
Valeda Trodden,9,Cabanas
Rayna Condy,56,Gò Dầu
Ewell Codi,99,Omurtag
Myrah Mulrean,73,Rakaia
Rori Greenan,75,Goyang-si
Biddy Ciccerale,20,Jiumen
Agnella Biaggi,4,Bissorã
Brooks Noddle,10,Oliveira
Olivier Parzizek,27,Huangcai
Guenevere Chapelhow,6,Toledo
Eliot Caldicott,14,Le Puy-en-Velay
Ashil Dayment,68,Nossa Senhora da Glória
Barr Staniford,56,Huaqiao
Melina Bales,36,Buenavista
Aurlie Hurlin,60,Villa Aglipay
Raimondo Tee,43,Kao Liao
Donnie Giacomozzo,19,San Agustín
Caryl Toopin,66,Shangyong
Verena Moulson,71,Tongyuanpu
Lavinia Henrie,37,Bomomani
Joshua Cohan,91,Rangah
Cash Haverty,28,Hengzhou
Denys Callam,20,Kediri
Manya Thornley,10,Oslo
Rosco Avrahamy,8,Yuanmou
Geralda Blaber,32,Lüxiang
Zilvia Pottell,95,Novoukrainskiy
Katharyn Sarfas,31,Kstovo
Tersina Jerzyk,69,Shuanghekou
Walliw Rosenvasser,55,Pasto
Cherye Edeson,28,Arys
Vina Erickssen,85,Dawa-Dawa
Waring Ricci,50,Jiangguanchi
Leisha Towersey,68,Guanshan
Tam Bridgen,51,Bry-sur-Marne
Tildie Jeacop,64,Guozhai
Teodora Pinniger,7,Linhó
Grace Penticost,61,Xiashitai
Gonzales Janovsky,10,Stalbe
Selby Farguhar,86,Zhugang
Yancey Pamplin,91,Huangbei
Virgie Senecaut,41,Karak City
Rozelle Kubek,76,Pirassununga
Garner Tax,5,San Felipe
Aubert Lambert,26,Yangmiao
Darrick Biagini,73,Karangpeton
Dionisio Domican,38,Roissy Charles-de-Gaulle
Carmela Tunnow,83,Jiang’an
Lorry Marguerite,75,Adigeni
Guendolen Cestard,89,Widorokandang
Ethelbert Risdale,39,Rāmhormoz
Wilona Lardeur,10,Langnga
Hamil Lufkin,81,Serzedelo
Jeniece Buchan,94,Modderfontein
Winny Mantha,38,Sypniewo
Marya Tongs,72,Nanger
Ronna Reiglar,43,Mitzpe Ramon
Zabrina Hague,93,Parelhas
Clive Morfey,70,Agkathiá
Galina Nolte,74,Banjar Medura
Thaddeus Cotterrill,26,Capinzal
Langsdon Potten,73,Luo’ao
Deeanne Manser,18,Łętownia
Cordelia Snelle,69,Bonga
Cordey Stoyles,66,Kanashevo
Sally Rosoman,71,Tékane
Stella Leeburn,56,Cova Figueira
Gareth Kubis,88,Pohonsirih
Tory Workman,93,Hevlín
Nike Beasant,14,Vólos
Nicola Clotworthy,14,Si Thep
Merridie Knoton,88,Buganda
Katharine Heball,3,Huiqi
Thibaut Boyn,95,Huai Yot
Anthia Giraudeau,31,Mukařov
Thomasa Futter,97,Providence
Tarrah Szanto,78,Summerside
Sebastian Blackmoor,60,Sabana de Parra
Jesus Bramsom,84,Nueva Fuerza
Jenilee Udale,92,Kristianstad
Jacquenetta Goodhall,48,Wujing
Eamon Walkingshaw,53,Siemiatycze
Adena Kirwin,37,Gaplek
Di Jeavons,34,Linshi
Saundra Axcel,83,Lebak
Indira Gotliffe,48,Mexico
Engracia Poleykett,40,Vacov
Thor Dinse,45,Saint Ann’s Bay
Jodie Nuzzi,10,Zaragoza
Carroll Matthiae,78,Maghār
Rossie Pennington,97,Starcevica
Maxim Arthurs,77,Cimuncang
Jamima Dengate,68,Santong
Tess Withull,56,E’erdun Wula
Merlina Sall,69,Enschede
Farris Kellick,97,Siguiri
Jermain aManger,19,Manning
Jany Janning,65,Ngulahan
Lucienne Ilyinski,38,Nnewi
Clair Becerra,54,Meia Via
Diann Taill,37,Negoslavci
Sallie Gulleford,67,Sanxi
Gustavus Kmieciak,13,Shuiyuan
Fletch Orae,36,Troitskoye
Zarla Arderne,30,Mbale
Dina Ellard,53,Mandera
Natassia Duigenan,69,Belogorsk
Pattin Yesichev,74,Suya
Ellie Purton,33,Bolorejo
Nolana Weatherhill,15,Binguang
Anabal Fipp,95,Lumil
Roby Aldrick,50,Pokrovo-Prigorodnoye
Jessika Crossfield,51,Gevgelija
Debi Dearing,24,Washington
Tristan Chasles,42,Casimiro de Abreu
Gerta Marfell,62,Jedung
Pauli Robins,12,Yaotian
Michelina Earles,14,Jincheng
Ferguson Zolini,98,Ḩātim
Jenifer Tasseler,3,Madīnat Sittah Uktūbar
Hobey Moggie,40,Jiazi
Lari Ondra,44,Korolevo
Hailee Burchfield,56,Polzela
Nickey Dufoure,86,Duowa
Manda Rigden,5,Ampera
Kasey Miche,29,Zabłocie
Renault Keningley,4,Shinan
Thedrick Canti,76,Potelych
Jerrie Dumbelton,94,Wuning
Tonie Mapledorum,75,Rutana
Waneta Kimberly,12,Batelov
Fernanda Pitford,5,Cerro Punta
Nina Piers,36,Akademija (Kaunas)
Paulette Getsham,36,Lentisqueira
Stanislaus Memmory,27,Chakaray
Peyton Spavon,78,Danauparis
Elvis Remmers,98,Dayanggezhuang
Elvis Kaspar,48,Jiangbei
Therese Kearey,6,Kinamayan
Babara Lee,97,Zruč nad Sázavou
Meade Leivesley,24,Strömsund
Bernelle Tennison,86,Longhua
Jo McGillreich,69,Sampangan
Cele Koenraad,74,Ndjolé
Pierre Heistermann,89,Hangji
Dniren Callacher,45,Moog
Katherina Monnoyer,77,Catolé do Rocha
Bruis Scuffham,8,Irbid
Humberto Oulner,52,Qila Abdullāh
Evvy Sachno,84,Komga
Abbey Tutton,82,Bernal
Cly Carroll,68,Naawan
Dorri Scarman,14,Sala
Candida Jamme,53,St. Anton an der Jeßnitz
Janela Sellack,38,Washington
Jobey Pitblado,49,Yanzhao
Huntley Cuttings,75,Otjimbingwe
Hubie Southey,7,Miaoxi
Oliviero Channing,28,Youyun
Nahum Rive,58,Ulaan-Ereg
Gustaf Templeton,93,Lorino
Nydia Chape,88,Kandang Timur
Lynnet Figge,20,Nueva Imperial
Daphna Pane,68,Santa Rosa
Aliza Elsay,12,Saint George's
Tabbitha Goodlett,61,Chengxi
Candice Dudill,47,Bukor
Javier Chivrall,9,San Isidro
Valeria Brecher,24,Nartkala
Malorie Horder,19,Heydərabad
Cynde Ramage,95,Pampas
Sonnie Dillamore,45,Yingchun
Rossy Sterke,68,Muurame
Frederic Pfaffe,88,Lapaz
Robin Blasi,12,Xiejiaya
Costa Figure,10,Candelaria
Shaina Tonn,96,Lingyuan
Florencia Crawshay,92,Changqi
Palm O'Noulane,57,Maştağa
Inge Drabble,44,Surgut
Lazarus Hurdwell,27,Corani
Moss Willmore,38,Sungaikupang
Solomon Nelthorpe,85,Xinxu
Roberta Pinshon,61,Noyon
Parrnell Poxon,14,Yogyakarta
Harmony Fissenden,74,Margasari
Domini Salmond,53,Không
Page Venner,61,Spas-Klepiki
Seth Halloran,31,Liudong
Clyde Hopkyns,71,Kitami
Adler Kubasiewicz,21,Lodan Wetan
Bess Rebichon,47,Andrijevica
Holly-anne Simanek,14,Sawankhalok
Rosmunda Bunnell,69,Hamburg
Ignacio Broodes,63,Xinxu
Keelia Boughton,95,Los Santos
Andi Reason,57,Tuoshi
Mary Still,38,New Orleans
Sherill Brettel,4,Derventa
Franny Bugby,26,Lanta Timur
Lanny Margeram,48,Kanália
Bertina Jozsa,31,Turochak
Noach Fluit,42,Plalar
Nadiya Sikorski,94,Kengyuan
Melvyn Pavel,46,Kralice na Hané
Honey Bramwich,76,Jepuro
Grete Pash,9,Santa Luzia
Reba Paskerful,61,Juliaca
Richard Ridwood,69,Dongshui
Thurston Sullivan,88,Aleshtar
Farr Pionter,32,Hāsilpur
Rozelle Cheson,35,Centenario
Loraine Adam,79,Bétérou
Mollee Dunbar,9,Mafang
Victoir Stoving,96,Novoanninskiy
Purcell Largent,94,Şuwayr
Bendick Hopkins,83,Stockholm
Nerti Realph,34,Samajie Ewenkeminzu
Edith Veldstra,32,Tuanfeng
Eamon Anning,89,Gunjur Kuta
Riannon Claricoats,39,Tanahbeureum
Bernadine Eagar,7,Koímisi
Byran Haken,54,Cortinhas
Sharon Millar,14,Timbuktu
Stavros Richen,27,Fontenay-sous-Bois
Conway Mateescu,52,Palhoça
Lita Morsom,37,Waco
Walther Reinert,66,Jistebník
Marcela McNellis,42,Albertville
Leighton Neggrini,43,Codó
Tilda Blumfield,86,Xiamujiao
Weber Huyche,2,Mont-Joli
Ruthy Priddy,61,Katsuura
Merrielle Pagen,29,Buriwutung
Trevor Vasilevich,92,Ciénega
Saundra Livock,65,San Pedro
Ammamaria Juzek,12,Kiambu
Hollis Bleything,52,Melati
Roberta Leftridge,3,Sandefjord
Tawsha Knapper,26,Golina
Carey Shuttell,39,Shaogongzhuang
Royce Yakebovich,73,Al Bājūr
Rosalind Pinnocke,33,Huage
Garry Andreopolos,34,Salingogan
Denna Saffrin,77,Faraulep
Theo Porritt,38,Tammela
Alidia Ead,74,Chakwāl
Maisey Simison,83,Dalar
Shelli Van der Baaren,38,Lobatse
Jaymie Beckinsale,27,Stavanger
Ruthy Jurca,53,Antanifotsy
Madelina Kester,94,Acevedo
Terry Cattlow,5,Nsanje
Linc Elks,40,Klyuchevskiy
Reyna Hawken,32,Padre Burgos
Jess Christopherson,16,Tall Rif‘at
Ana Cowdry,74,Kista
Johny Boffey,12,Amagarapati
Shelden Godfery,12,København
Annamarie Lowes,86,Karawatung
Timothea Risbridge,26,Santa Elena
Corrina Skitteral,14,Andradas
Blake Kydde,59,Pesnica pri Mariboru
Yolanda Hovard,45,Mekarsari
Norby Patron,27,Emiliano Zapata
Fredek Behning,95,Celje
Linell Deverille,40,Sidi Yahya Ou Saad
Tracee Gillhespy,93,New Plymouth
Roxana McGoldrick,27,Travesía
Ira Valencia,33,Jujur
Phyllida Millwater,74,Cisitu
Lothario Scutcheon,56,Uvira
Joli Fleis,37,Druzhba
Agnes Gashion,54,Yerofey Pavlovich
Lu Braffington,95,Pinhal General
Kristien Rosenstein,61,Klagenfurt am Wörthersee
Jayson Breazeall,40,Bangunharja
Kinna Hufton,99,Paris 09
Minnnie Union,26,Bibrka
Sarina Armour,13,Sam Phran
Zita Swafield,70,Krebetkrajan
Gerianna Pellett,21,Vaiamonte
Glyn Galiford,58,Les Cèdres
Lizzy Hallbird,26,Lingkou
Aurelia Greenhouse,26,Amiens
Garry Cockman,43,Koslan
Lawton Mackneis,1,Leles
Yale Kissick,72,São João do Campo
Early Burchfield,93,Nossa Senhora do Socorro
Zebulon Myrkus,21,Sanxixiang
Bernardo Debling,11,Rybnaya Sloboda
Auguste Dauby,35,Thiès Nones
Donny Joscelin,56,Jagupit
Farlay Srawley,60,Qiaobian
Gertruda Jendrys,78,Quxia
Ibbie Clarke-Williams,77,Doug An
Cesar Lambertini,23,Panenjoan
Malcolm Maith,1,Gulariyā
Norman Jewer,17,Nanterre
Ebony Sloss,65,Əhmədbəyli
Karolina Parlot,10,Concord
Jenn O'Sheerin,42,Netvořice
Edi Ferns,30,Shawnee Mission
Gran Ranyell,28,Genteng
Bank Ricardet,45,Арачиново
Babara Wurst,83,Zelenchukskaya
Melodie Filipponi,78,Maoping
Wendall Brugsma,63,Matola
Alfi McIntee,5,R S
Gaston Lightman,38,Valašská Bystřice
Kort Lakey,26,Semarang
Toby Fanner,31,Las Flores
Chelsie Crunden,61,Klyuchevskiy
Laney Bentsen,76,Hajnówka
Hunter Walshaw,8,Frederiksberg
Meredith Ravenshaw,88,Osekovo
Veriee Wigfield,44,Cikaduen
Delcine Ellerby,31,Homeyo
Toddy Rapelli,8,Itaituba
Margaux Parkman,72,Yingchuan
Kalinda Janning,7,Bardiyā
Niel Fletcher,38,Al Bayḑā’
Row McIllrick,84,Xuling
Cosetta Wloch,56,Al Azraq ash Shamālī
Joleen Burnhams,2,Gading
Lorianna Peat,99,‘Ayn Ḩalāqīm
Libby Toffel,7,Krajan Caluk
Cloe Connock,31,Martingança
Rutledge Peatt,85,Knyazhichi
Markos Wayvill,21,Namangan Shahri
Olympie Bosenworth,22,Oslo
Alfons Cracker,44,Besançon
Waylon Blazej,82,Qala i Naw
Timofei Ouver,52,Bukovany
Lark Decruse,66,Isdalstø
Rebekkah Maillard,47,Rietavas
Jeramie Neve,74,‘Alī al Gharbī
Hortensia Greedier,20,Valmiera
Randell Lancett,64,Hakui
Carroll Deval,90,Zhigong
Tiebout Feasley,39,Zhuxi
Angel Satch,95,Maulawin
Caressa Troake,60,Örnsköldsvik
Devan McTrusty,1,Wanjia
Yettie Fisbburne,46,La Soledad
Liam McNirlin,28,Quimbaya
Rand Tootell,80,Matango
Emmy Killough,45,Portela
Auria Fanstone,90,Bastos
Mayne Pitone,18,Omsk
Fidelio O'Noland,15,Qorovulbozor
Burty Messom,53,Ust’-Ilimsk
Walden McAw,96,Lohong
Marijo Clausner,9,Tanakbeak Daye
Lotta Moulin,18,Huangmu
Melba MacAndreis,64,Ruyigi
Alica Gilffillan,5,Dongtang
Camala Fateley,48,Lijie
Suzann Patillo,93,Itajuípe
Jon Wickwar,50,Zhuge
Fiann Houlison,79,Montenegro
Anny Fairlie,84,Hengfan
Dixie Prevost,1,Lloque
Chrotoem Sartain,92,Bulo
Lorrie Groocock,31,Sułkowice
Kendall Ivison,23,Sokolovo
Ange Visick,73,Patos Fshat
Ardis Malpas,60,Gumalang
Lenci Fathers,8,Saraza
Micheal Lummasana,91,Binhailu
Dominique Prophet,5,Mayong
Florinda Gooke,24,Xinyi
Rustin De Cleen,3,Moyale
Ugo Finlay,44,Garahaji
Lorry Gilloran,52,Plácido de Castro
Adelind Higgen,65,Cakran
Stanleigh Slorance,75,Nanhai
Obediah Tincombe,35,Kapinango
Brewster Toal,78,Gurung
Udell Geaney,37,Sa'dah
Town Liepina,12,Culianin
Friedrich Prichet,84,Xianzong
Natasha Exelby,48,Las Sabanas
Tierney Yesinin,56,Portland
Gwenore Tabbitt,47,Chabařovice
Adam St. Ledger,12,Balgatay
Tris Wickendon,60,Saint-Raymond
Raven Chaytor,92,Situ
Anastasia Lackey,57,Penalva de Alva
Thedric Hannaford,24,Impendle
Crissie Morad,51,Aguadulce
Dolley Feedome,41,Pa Phayom
Norry Joss,28,Sumberrejo
Bernette Vase,70,Qiqin
Bobina Pollastro,95,Ciwaru
Liesa Adamowicz,77,Burūm
Mariana Mistry,30,Emiliano Zapata
Georgeanna Townsley,27,Petrodvorets
Cherin Chaize,57,Mulyosari
Lorena Heisham,99,Uchkulan
Arlena Templar,50,Shanggu
Myles Cornelis,63,Mayakovski
Rafferty Farlamb,67,Pringsewu
Elsa Klulicek,56,Gotse Delchev
Crawford Croall,60,Luau
Valeda Josephsen,71,Tegalwero
Brendan Wooder,53,Korolëv Stan
Andi Coverley,89,Majur
Howard Linay,37,Heshengbao
Garwin Blindt,78,Szynwałd
Matthaeus Stenner,68,Kopen
Coletta Hembry,81,Bilbays
Crysta Currom,2,Huurch
Joel Courvert,33,Kalávryta
Reinald Kezourec,5,Guitang
Atlanta Penbarthy,78,Đà Bắc
Ric Munnery,98,Solor
Melly Furmagier,51,Västerås
Pia Warwick,82,Areguá
